quarter,CLLE-ES
Thur Jun 19 '14 - 13:08,97.5
Fri Jun 20 '14 - 12:03,97.5
Mon Jun 23 '14 - 12:04,66.7808219178082
Tue Jun 24 '14 - 15:45,66.7808219178082
