quarter,BRCA-UK,CMDI-UK,BOCA-UK,PRAD-UK,ESAD-UK,BRCA-EU,PACA-CA,PACA-AU,PAEN-AU,OV-AU
Thur Jun 19 '14 - 13:08,0,100,100,100,0,100,50.4065040650407,0,0,0
Fri Jun 20 '14 - 12:03,0,100,100,100,0,100,50.4065040650407,0,0,0
Mon Jun 23 '14 - 12:04,0,83.6065573770492,0,66.6666666666667,0,5.25,13.0252100840336,0,0,0
Tue Jun 24 '14 - 15:45,0,83.6065573770492,0,66.6666666666667,0,5.25,13.0252100840336,0,0,0
