quarter,BTCA-SG,LIRI-JP
Thur Jun 19 '14 - 13:08,83.3333333333333,43.2637571157495
Fri Jun 20 '14 - 12:03,83.3333333333333,43.2637571157495
Mon Jun 23 '14 - 12:04,55,37.8737541528239
Tue Jun 24 '14 - 15:45,60,37.8737541528239
